id,area,claim,evidence_level,source_id,location,interpretation,current_project_applicability
E01,system,"Legacy sensors: Ouster OS-0-32-U0 FW v2.1.2 + ELP-USBGS5MP01-V100 (5MP global shutter, USB2 UVC, YUYV) on Jetson Orin",OBSERVED,G;K;M,G p6; K §2; M §8.5,Different LiDAR (32 vs 128 beams) and possibly different camera,Reference only. Whether the current RGB camera is the same ELP unit is UNKNOWN
E02,system,Two legacy stacks existed: (1) LIO-SAM ROS2 Humble + realtime color_projection_node (to 2026-06-01) (2) LVI-SAM ROS1 Melodic in amd64 Docker/QEMU + offline colorization (2026-06-04..06-11),OBSERVED,M;S;K;G,M §2.1; K §1; G ch1,LIO-SAM path matches the current project architecture more closely than LVI-SAM path,LIO-SAM-era lessons transfer more directly
E03,intrinsic,"Intrinsic procedure: ROS2 camera_calibration 3.0.9 cameracalibrator --size 8x6 --square 0.024, v4l2_camera image_size [1280,720] YUYV 10fps",OBSERVED,M,M §8.2 (pdftotext l.604-623),Interactive ROS calibrator (4-bar GUI),Method reference; current campaign framework is stricter
E04,intrinsic,"Capture guidance: distance 0.4-1.2 m, X/Y/Size/Skew bars all green, move board to the four corners, move slowly 1-2 cm/s, 40-60 samples",OBSERVED,M;K,M §8.3; K §5.1,"Guidance, not a record of the actual capture","No legacy evidence of actual pose distribution / coverage (H1,H3 cannot be confirmed)"
E05,intrinsic,"Acceptance: 'error' <=0.1 excellent, 0.1-0.5 normal (enough for colored cloud), >=0.5 redo",OBSERVED,M;K,M §8.4; K §5.1,Single training-error threshold; which metric the GUI 'error' denotes is not stated,H6 supported: no holdout / no fixed-K/D validation anywhere in legacy docs
E06,intrinsic,"No independent holdout, per-view error, spatial residual analysis, or undistortion QA is described in any legacy document",INFERRED,all,"absence across M,K,G,S,F,A,O",Absence in docs; actual practice UNKNOWN,Legacy 'success' is not comparable to current revB STRUCTURED_RESIDUAL test
E07,intrinsic,"Legacy K at 640x360: fx=370.91607 fy=368.72033 cx=329.71392 cy=157.49384; D=[0.04550,-0.08141,0.00061,0.00624,0.0]",DO NOT USE AS CURRENT VALUE,G,G appendix p28 code block,Exactly 1/2 of the 1280x720 values in G p6/p14 (fx=741.83 fy=737.44 cx=659.43 cy=314.99) => same calibration rescaled,Never use. Different resolution/crop and possibly different camera/lens
E08,intrinsic,Legacy distortion: plumb_bob 5-vector with k3 exactly 0.0,OBSERVED,G,"G p6, appendix p28","k3=0 is consistent with ROS camera_calibration default (2 radial coeffs). Tool default is from tool knowledge, not from the docs",H5 rejected: no rational/fisheye model was used
E09,intrinsic,Calibration resolution was 1280x720 (16:9) or 640x360; current contract is 2592x1944 (4:3),INFERRED,M;G;K,M §8.2; G p6; K §2.2,16:9 mode is a crop and/or scaled mode of a 4:3 sensor; legacy D never constrained the outer 4:3 field,Legacy D is uninformative for current image corners even if same lens
E10,intrinsic,"Legacy principal point offset at 1280x720: cy=314.99 vs centre 360 (-45 px), cx=659.43 vs 640 (+19 px)",OBSERVED,G,G p6,Large vertical offset suggests asymmetric crop or weak conditioning; cannot tell which,Reason to record crop/zoom/pan/tilt state with every intrinsic
E11,target,"Manual specifies target: A4 print, 9x7 squares, 8x6 inner corners, 24 mm or 30 mm squares, glued to cardboard etc. hard board",OBSERVED,M,M §8.1,Hand-held paper-on-cardboard target,"H2 partly contradicted: legacy target was paper on cardboard, not a precision board"
E12,target,A3 checkerboard file: 9x7 squares (8x6 inner); filename says A3 40 mm (dated 2026-06-08),OBSERVED,B,B p1 image + filename,Probably the board later used for extrinsic capture (2026-06-10). Same design as current restored 9x7,Square size 40 mm only from filename; print scale must be measured
E13,target,"CONFLICT: board size A4 24/30 mm (M 05-30) vs A3 40 mm (B 06-08) vs 'example 8x6 24 mm' (K,G)",CONFLICT,M;B;K,M §8.1; B; K §5.1,Which board produced the legacy K/D is UNKNOWN; --square 0.024 in M suggests A4 24 mm,"If square size was wrong it scales only board translation, not K/D"
E14,target,Extrinsic capture photos show hand-held board mounted on cardboard with green tape along an edge,OBSERVED,G,G appendix p33 figure,Hand-held => board moves during 100 ms LiDAR sweep; flatness not controlled,Use a stand for current extrinsic
E15,detector,Detector API / flags / cornerSubPix settings are not recorded in any legacy document,UNKNOWN,all,—,ROS calibrator uses its own internal detection; documented nowhere here,H4 cannot be tested from docs
E16,extrinsic,"LIO-SAM era extrinsic.yaml default: t=0, R=standard axis [[0,-1,0],[0,0,-1],[1,0,0]], p_cam=R*p_lidar+T, row-major",OBSERVED,M,M §9.2-9.3,"Placeholder, not calibrated","Convention (p_cam = R p_lidar + t, row-major) is reusable"
E17,extrinsic,Identity rotation made all points project outside image (all grey),OBSERVED,M,"M §9.3 warning, §16.4",Real failure; grey fallback masked it as 'uncolored' rather than error,Fail loudly instead of grey fallback
E18,extrinsic,"Hand-measured LiDAR->camera tz=0.065 m (tape measure), tx,ty~0; considered main cause of colour smear",OBSERVED,K;G,K §5.4; G p18,Never a calibrated value,DO NOT USE AS CURRENT VALUE
E19,extrinsic,Mount changed to a wooden platform; tz=0.065 must be re-measured,OBSERVED,G,"G p18, p25 (priority 2)",Calibration-after-mount-change discipline was missing,Mechanical state must be frozen before extrinsic
E20,extrinsic,"Incident 2026-06-07: putting standard-axis rotation into LVI-SAM params_camera.yaml degraded cloudGlobal.pcd (divergence/drift); policy: keep LVI-SAM body identity, use extrinsic only in colorization",OBSERVED,G,G p17-18,Camera extrinsic must not feed the SLAM core,Matches current rule: colours/camera never fed back to LIO-SAM
E21,extrinsic,"Final extrinsic candidate (v24, direct_calib_fast_v9_20260610_2101): R=[[0.0555,0.9980,-0.0301],[-0.1725,-0.0201,-0.9848],[-0.9834,0.0598,0.1711]], t=(-0.0107,0.2303,-0.0388) m",DO NOT USE AS CURRENT VALUE,G,"G appendix p32, p34",Reference only,Never use
E22,extrinsic,"v24 rotation ~= standard-axis R composed with 180 deg yaw (diag(-1,-1,1)) plus ~10 deg camera pitch",INFERRED,G,computed from E21 vs M §9.2,Consistent with Ouster os_sensor<->os_lidar 180 deg yaw difference => frame_id confusion risk,Current extrinsic must name the exact PointCloud2 frame_id
E23,extrinsic,CONFLICT: hand-measured 0.065 m vs v24 |t|~0.234 m (ty=0.230),CONFLICT,K;G,K §5.4 vs G p32,Mount change or different axis/frame definitions; UNKNOWN which,Do not reconcile; irrelevant to current rig
E24,extrinsic,Extrinsic workflow: run21_fast_field_capture_v9 -> run23_light_plane_forensic -> run24_light_multihyp_solver -> run25_visual_check -> apply to colorization only,OBSERVED,G,G appendix p35,Plane-based multi-hypothesis offline solver + visual check; algorithm details lost with appendix text,Scripts not seen; request ~/lvi_sam_tools
E25,extrinsic,"Overlay figure shows per-pose 'inside' 0.24-0.75, 'err' 88.6-184.9 px, LiDAR board points 155-5312",OBSERVED,G,G appendix p33 figure labels,Very large board-reprojection errors at that stage; whether before or after v24 is UNKNOWN (text lost),No legacy extrinsic was quantitatively validated
E26,extrinsic,"Recommended methods in docs: direct_visual_lidar_calibration, solvePnP, kalibr; acceptance 'known colour object (red hydrant) converges to one blob'",OBSERVED,K;G;M,K §5.4; G p18; M §9.4,Qualitative acceptance only,Need quantitative acceptance in current project
E27,LiDAR-IMU,"LIO-SAM manual: extrinsicTrans [0.006,-0.012,0.008], extrinsicRot identity",OBSERVED,M,M l.498-503,Matches Ouster IMU position in os_sensor frame (tool knowledge),DO NOT USE AS CURRENT VALUE
E28,LiDAR-IMU,"LVI-SAM guide: extrinsicRot diag(-1,-1,1) (Z 180 deg), extrinsicTrans [-0.006,0.012,0.029]; earlier diag(-1,1,-1) was wrong",OBSERVED,G,G p17,"Matches IMU expressed in os_lidar frame (180 deg yaw, z offset)",DO NOT USE AS CURRENT VALUE
E29,LiDAR-IMU,"CONFLICT: identity (LIO-SAM era; 180 deg rotation 'worse', S) vs diag(-1,-1,1) (LVI-SAM era)",CONFLICT,S;M;G,S 仮説②; M l.500; G p17,Most likely different cloud frames (os_sensor vs os_lidar) between drivers; INFERRED,Current: verify frame_id; Gate B already passes
E30,IMU,"CONFLICT: OS-0 IMU = ICM-42688相当 (K) vs ICM-20948 (G, A) vs BMI085 (old guide per A)",CONFLICT,K;G;A,K §2.1; G p6; A §1-1,Documentation inconsistency,Not relevant to Gate D
E31,sync,LIO-SAM era: Ouster default timestamps = sensor internal time (~1e4 s) vs ROS time (~1.7e9 s) => all colouring skipped; fix timestamp_mode=TIME_FROM_ROS_TIME,OBSERVED,M,"M §10.4(3), §16.4",Time-domain mismatch was a real failure,Current: verify LiDAR/IMU/camera time domains explicitly (Gate E)
E32,sync,color_projection_node: max_image_dt=0.10 s; require_time_sync=false => falls back to latest image,OBSERVED,M,M §10.3,Up to 100 ms (or unbounded with fallback) image-cloud skew accepted,H7 confirmed. DO NOT REUSE fallback
E33,sync,"LVI-SAM PoC: LiDAR in Ouster internal time, camera in wall clock; bridge pose(Ouster t)->nearest cloud->cloud bag_t->nearest image(bag_t); cloud match 7/7 dt=0.000 s, image match max 44 ms",OBSERVED,G,G p23,Nearest-neighbour on bag record time; includes transport latency; no interpolation,H7 confirmed. Bag-time bridging is not acceptable for production
E34,sync,"CONFLICT: TIME_FROM_ROS_TIME required (K §2.1, §6.1; M) vs run3 PoC LiDAR still in Ouster internal time (G p23)",CONFLICT,K;M;G,K §6.1; G p23,Setting not effective/not applied in LVI-SAM recordings,"Time domain must be measured from data, not assumed from config"
E35,sync,LIO-SAM setup guide: TIME_FROM_ROS_RECEPTION => 'unmodelled latency' warning; LiDAR & IMU share receive time,OBSERVED,L,L §9-2,Reception time adds latency,Relevant to current P1 / +10 ms residual analysis
E36,colorization,"LIO-SAM era realtime colouring: cv2.projectPoints with distortion, transform by TF odom->lidar_link, 0.05 m voxel accumulation, grey outside FOV, grey overwritten by later real colour",OBSERVED,M,"M §10.1, §10.3",Realtime; voxel-downsampled; grey fallback,Projection idea reusable; accumulation/grey DO NOT REUSE
E37,colorization,Realtime colour config diverged while uncoloured did not; investigation moved to offline bag reprocessing,OBSERVED,S,S §1-§4,Processing load/timing coupling suspected (unresolved in doc),Supports current offline-only architecture
E38,colorization,'Beautiful' colored run 20260531_201357 was geometrically diverged (trajectory ranges 682/1110/1053 m in a ~5 m room),OBSERVED,S,S §2 table,Visual colour success != geometric validity,Keep trajectory-range sanity gate
E39,colorization,"LVI-SAM offline colorizer colours cloudGlobal.pcd (corner+surf feature map), all 229k points get RGB, colourised rate 3.0% (grey fallback outside FOV), 7 keyframes",OBSERVED,G;O,G p23; O §2.1,"Geometry = feature map, not full-resolution cloud; tiny PoC",H8 supported
E40,colorization,Image choice for display uses 'image where most points are visible'; fire extinguisher appeared 'seen through the room',OBSERVED,O,"O §9.2, §13",Classic symptom of projecting occluded points (no depth test),H8 supported: occlusion handling absent or ineffective (INFERRED)
E41,colorization,z-buffer / occlusion rejection / multi-view weighting not described in any legacy doc,UNKNOWN,all,—,Code not available,Must be designed new
E42,colorization,"Quality judged by saturation distribution and known colour objects, not colourised %",OBSERVED,K;G,K §7; G p23,Good qualitative QA idea,Reuse as supplementary QA
E43,PCD,"LIO-SAM era colored_map.pcd: FIELDS x y z rgb, SIZE 4 4 4 4, TYPE F F F U, DATA binary",OBSERVED,M,M §15.3,intensity/ring/t/reflectivity dropped; voxelised point set; order not preserved,Writer DO NOT REUSE
E44,PCD,LVI-SAM colored_map.pcd needed convert_pcd_rgb_for_cloudcompare.py to view in CloudCompare,OBSERVED,G,G appendix p31,rgb packing/type not viewer-compatible,Design rgb encoding explicitly (float-packed vs uint32)
E45,PCD,LVI-SAM wipes savePCDDirectory at startup (rm -r); LIO-SAM fork changed to timestamped dirs,OBSERVED,A;K;G;L,A §2-1; K §6.2(2); G p15; L,Data-loss hazard,Keep immutable output dirs + manifest
E46,PCD,savePCD=false => SIGINT saves nothing; missing /root/Downloads => silent skip,OBSERVED,G,G p22,Silent failures,Gate G must assert outputs exist
E47,mechanical,Ouster heat throttling in enclosed placement; cable tension moves sensor during static periods (Large velocity seed); tilt must match gravity check,OBSERVED,K;G,K §6.5; G p9,Mechanical issues observed,Gate A checklist
E48,mechanical,"No fixture drawing, witness marks, or re-calibration-after-move policy in any legacy doc",UNKNOWN,all,—,—,H9: legacy success was not mechanical; mechanics were a weakness
E49,process,Principles: freeze before validating on hardware; derived value != authoritative; judge divergence by trajectory range; undo-safe changes,OBSERVED,G,G ch9,Matches current QA philosophy,Keep
E50,LiDAR,OS0-32 needed mappingCornerLeafSize 0.1 (corner features 0-10 -> 185-248),OBSERVED,F;G,F §15-17; G p13,DO NOT USE AS CURRENT VALUE,Do not copy to OS0-128 LIO-SAM; Gate B already passes
E51,documents,"Appendix text of G (p27-35), all of X, all of R unreadable",OBSERVED,G;X;R,—,Font embedding failures,Request originals (HTML/MD/DOCX)
